Country Name,2006,2007,2008,2009,2010,2011,2012,2013,2014,2015,2016,2017,2018
Aruba,74.429,74.576,74.725,74.872,75.017,75.158,75.299,75.441,75.583,75.725,75.868,76.01,76.152
Africa Eastern and Southern,54.7917066462486,55.6823435005197,56.6097989195142,57.5487718622889,58.4706966763051,59.3535949230704,60.1855610471991,60.9533629561754,61.6473665890637,62.2592883749182,62.7876814850688,63.2462635340566,63.648988039777
Afghanistan,58.826,59.375,59.93,60.484,61.028,61.553,62.054,62.525,62.966,63.377,63.763,64.13,64.486
Africa Western and Central,51.8682025707247,52.4639575630919,53.0495003986077,53.6120895132647,54.1443067090059,54.6499981291251,55.1389443224205,55.6189864082126,56.0882690441146,56.5420091409513,56.9747611509084,57.382362702625,57.7623467867763
Angola,51.143,52.177,53.243,54.311,55.35,56.33,57.236,58.054,58.776,59.398,59.925,60.379,60.782
Albania,75.423,75.646,75.912,76.221,76.562,76.914,77.252,77.554,77.813,78.025,78.194,78.333,78.458
Andorra,,,,,,,,,,,,,
Arab World,69.4394593833006,69.7015552895135,69.9421738723304,70.1575600848623,70.3499164210096,70.5287616794948,70.7037977970714,70.8822177024387,71.0642687701762,71.2495709689318,71.4365471749074,71.6226704254941,71.8070751075422
United Arab Emirates,75.573,75.767,75.957,76.145,76.332,76.521,76.711,76.903,77.095,77.285,77.47,77.647,77.814
Argentina,74.62,74.787,74.952,75.116,75.278,75.439,75.598,75.756,75.913,76.068,76.221,76.372,76.52
Armenia,72.716,72.815,72.946,73.118,73.331,73.572,73.82,74.056,74.273,74.467,74.64,74.797,74.945
American Samoa,,,,,,,,,,,,,
Antigua and Barbuda,75.204,75.376,75.535,75.683,75.823,75.956,76.087,76.218,76.349,76.483,76.617,76.752,76.885
Australia,81.0414634146342,81.2926829268293,81.3951219512195,81.5439024390244,81.6951219512195,81.8951219512195,82.0463414634146,82.1487804878049,82.3,82.4,82.4487804878049,82.5,82.7487804878049
Austria,79.8804878048781,80.1804878048781,80.4317073170732,80.3317073170732,80.5804878048781,80.9829268292683,80.9365853658537,81.1365853658537,81.490243902439,81.190243902439,81.6414634146342,81.6439024390244,81.6926829268293
Azerbaijan,69.259,69.752,70.201,70.597,70.938,71.234,71.506,71.768,72.022,72.266,72.493,72.693,72.864
Burundi,54.163,54.944,55.721,56.488,57.228,57.925,58.568,59.148,59.665,60.123,60.528,60.898,61.247
Belgium,79.380487804878,79.7829268292683,79.6804878048781,80.0341463414634,80.1829268292683,80.5853658536585,80.3853658536585,80.5878048780488,81.2878048780488,80.9926829268293,81.4390243902439,81.4926829268293,81.5951219512195
Benin,57.817,58.255,58.654,59.009,59.318,59.59,59.842,60.092,60.345,60.608,60.885,61.174,61.47
Burkina Faso,54.063,54.841,55.618,56.377,57.096,57.761,58.374,58.937,59.45,59.919,60.354,60.768,61.174
Bangladesh,68.213,68.648,69.072,69.485,69.881,70.256,70.606,70.93,71.231,71.514,71.785,72.052,72.32
Bulgaria,72.6121951219512,72.6634146341464,72.9634146341463,73.4121951219512,73.5121951219512,74.1634146341464,74.3146341463415,74.8609756097561,74.4658536585366,74.6146341463415,74.8121951219512,74.8146341463415,74.9634146341464
Bahrain,75.478,75.625,75.77,75.913,76.057,76.2,76.342,76.484,76.624,76.762,76.899,77.032,77.163
"Bahamas, The",71.988,71.998,72.022,72.067,72.144,72.263,72.424,72.62,72.847,73.088,73.329,73.554,73.752
Bosnia and Herzegovina,75.342,75.498,75.665,75.844,76.031,76.219,76.401,76.569,76.723,76.865,76.998,77.128,77.262
Belarus,69.4048780487805,70.2073170731707,70.4560975609756,70.4073170731707,70.4048780487805,70.5536585365854,71.9658536585366,72.4707317073171,72.9707317073171,73.6243902439025,73.8268292682927,74.1292682926829,74.1756097560976
Belize,70.286,70.636,71.059,71.541,72.057,72.57,73.044,73.452,73.782,74.034,74.219,74.365,74.496
Bermuda,78.8878048780488,78.9341463414634,79.2365853658537,79.3884390243903,79.2885365853658,81.1526829268293,81.6778048780488,80.5724390243902,80.7973170731708,81.0121951219512,81.2270731707317,81.4419512195122,81.6517073170732
Bolivia,65.853,66.395,66.937,67.476,68.007,68.521,69.01,69.468,69.891,70.277,70.626,70.945,71.239
Brazil,72.26,72.618,72.966,73.3,73.619,73.921,74.209,74.483,74.745,74.994,75.23,75.456,75.672
Barbados,78.009,78.097,78.184,78.272,78.364,78.456,78.547,78.633,78.717,78.801,78.888,78.981,79.081
Brunei Darussalam,74.189,74.351,74.494,74.623,74.74,74.852,74.962,75.075,75.193,75.318,75.45,75.585,75.722
Bhutan,66.031,66.709,67.325,67.882,68.384,68.84,69.263,69.662,70.046,70.419,70.781,71.129,71.46
Botswana,53.435,54.983,56.679,58.447,60.211,61.91,63.511,64.976,66.265,67.338,68.178,68.812,69.275
Central African Republic,45.158,45.636,46.161,46.719,47.312,47.95,48.638,49.371,50.129,50.881,51.593,52.24,52.805
Canada,80.3439024390244,80.5439024390244,80.6951219512195,80.9951219512195,81.2463414634146,81.4487804878049,81.6487804878049,81.7487804878049,81.8,81.9,81.9,81.9,82.0487804878049
Central Europe and the Baltics,74.0926027308098,74.2506487210768,74.5759526780779,74.9303639266577,75.2939657786314,75.8884748834282,75.993488603453,76.3551629869809,76.6756236113045,76.5718777647788,76.9698114171911,76.9474426395729,76.9768226818402
Switzerland,81.490243902439,81.7414634146342,81.9926829268293,82.0439024390244,82.2463414634147,82.6951219512195,82.6975609756098,82.7975609756098,83.1975609756098,82.8975609756098,83.6024390243903,83.5512195121951,83.7536585365854
Channel Islands,80.553,80.802,81.041,81.268,81.483,81.688,81.883,82.071,82.252,82.429,82.6,82.766,82.928
Chile,77.865,78.099,78.33,78.558,78.779,78.986,79.176,79.349,79.504,79.646,79.779,79.909,80.042
China,73.271,73.553,73.835,74.119,74.409,74.708,75.013,75.321,75.629,75.928,76.21,76.47,76.704
Cote d'Ivoire,50.561,51.091,51.682,52.313,52.964,53.62,54.271,54.906,55.508,56.065,56.567,57.017,57.422
Cameroon,53.215,53.681,54.153,54.627,55.101,55.581,56.073,56.576,57.083,57.583,58.063,58.511,58.921
"Congo, Dem. Rep.",54.401,55.091,55.743,56.35,56.909,57.427,57.914,58.381,58.828,59.254,59.655,60.026,60.368
"Congo, Rep.",56.573,57.541,58.466,59.321,60.093,60.785,61.423,62.022,62.582,63.097,63.556,63.954,64.29
Colombia,74.5,74.732,74.962,75.193,75.424,75.655,75.882,76.105,76.322,76.531,76.732,76.925,77.109
Comoros,60.407,60.734,61.094,61.475,61.862,62.24,62.595,62.922,63.214,63.471,63.7,63.912,64.118
Cabo Verde,70.565,70.676,70.786,70.911,71.062,71.243,71.445,71.661,71.886,72.117,72.347,72.57,72.782
Costa Rica,78.239,78.362,78.491,78.626,78.769,78.919,79.074,79.234,79.398,79.565,79.738,79.914,80.095
Caribbean small states,72.1870360757779,72.3160565360721,72.4407885010073,72.5617494160666,72.6794042337237,72.7952950904323,72.9118093762699,73.0301385446206,73.1505917872827,73.2730249020468,73.395957988226,73.5174899503022,73.6371062810432
Cuba,77.864,78.019,78.15,78.256,78.338,78.4,78.446,78.485,78.521,78.561,78.607,78.662,78.726
Curacao,74.709756097561,75.3634146341464,75.309756097561,76.1560975609756,,77.4731707317073,77.5243902439024,77.8268292682927,77.9756097560976,78.0756097560976,77.719512195122,78.0170731707317,
Cayman Islands,,,,,82.190243902439,,,,,,,,
Cyprus,78.764,78.91,79.071,79.245,79.43,79.621,79.812,79.999,80.178,80.35,80.513,80.672,80.828
Czech Republic,76.5243902439025,76.7243902439025,76.9756097560976,77.0780487804878,77.4243902439025,77.8731707317073,78.0756097560976,78.1756097560976,78.8243902439024,78.5780487804878,79.0268292682927,78.9780487804878,79.0292682926829
Germany,79.1317073170732,79.5341463414634,79.7365853658537,79.8365853658537,79.9878048780488,80.4365853658537,80.5390243902439,80.490243902439,81.090243902439,80.6414634146342,80.990243902439,80.9926829268293,80.8926829268293
Djibouti,58.34,58.719,59.124,59.561,60.062,60.667,61.395,62.239,63.171,64.136,65.064,65.893,66.582
Dominica,,,,,,,,,,,,,
Denmark,78.0951219512195,78.1951219512195,78.4463414634146,78.5975609756098,79.1,79.8,80.0512195121951,80.3,80.7,80.7024390243902,80.8536585365854,81.1024390243903,80.9536585365854
Dominican Republic,71.041,71.304,71.559,71.806,72.046,72.284,72.523,72.763,73.003,73.241,73.471,73.689,73.892
Algeria,73.521,73.936,74.311,74.644,74.938,75.199,75.436,75.661,75.878,76.09,76.298,76.499,76.693
East Asia & Pacific (excluding high income),71.9275696944326,72.2123465128119,72.4966401585636,72.780724173253,73.066264292376,73.3557386668668,73.6476911162518,73.9384117979514,74.2257369925711,74.5022718470481,74.7620466808602,75.0019150982619,75.2176631582702
Early-demographic dividend,66.480344635492,66.8666471494141,67.2624996097162,67.661689856882,68.0560210364218,68.4389041334533,68.8032052554736,69.1451633998496,69.460918965504,69.7485062321695,70.0112350713132,70.2542346980289,70.4832383376349
East Asia & Pacific,72.9216443010547,73.2009338754334,73.469895503291,73.7591251644885,74.0129991679213,74.2661288330307,74.5628325394206,74.8494438608504,75.1268699576521,75.3946135673733,75.6378548577114,75.8685854337846,76.0715281382642
Europe & Central Asia (excluding high income),69.017078961414,69.5301262361015,69.8496220001298,70.4610677336959,70.795982942007,71.370828264962,71.7335212502793,72.1744440523959,72.393889067956,72.7063196211847,73.0616606731059,73.5121641340298,73.6821793783286
Europe & Central Asia,74.6181881702959,74.9759239094508,75.2437254102825,75.6426621333643,75.9449243614252,76.4604357341034,76.6226139269226,76.9562530796372,77.283114899785,77.2405490023075,77.5956406653906,77.7899565668106,77.9092530428108
Ecuador,74.319,74.514,74.705,74.895,75.089,75.289,75.495,75.707,75.923,76.143,76.365,76.584,76.8
"Egypt, Arab Rep.",69.608,69.788,69.971,70.159,70.349,70.543,70.736,70.928,71.117,71.302,71.482,71.656,71.825
Euro area,79.8561324008539,80.0998819166968,80.3029157917899,80.5051815068132,80.7467809595169,81.2328248541922,81.2271581838087,81.5123287222875,81.9429827046427,81.5692290983944,81.9545453224235,81.9323163550777,82.0495811667699
Eritrea,59.487,60.243,60.952,61.602,62.193,62.732,63.238,63.726,64.201,64.664,65.111,65.538,65.941
Spain,80.8219512195122,80.8731707317073,81.1756097560976,81.4756097560976,81.6268292682927,82.4756097560976,82.4268292682927,83.0780487804878,83.2292682926829,82.8317073170732,83.3292682926829,83.2829268292683,83.4317073170732
Estonia,72.6914634146341,72.8146341463415,73.7707317073171,74.8243902439024,75.4292682926829,76.2292682926829,76.3268292682927,77.1414634146341,77.0341463414634,77.590243902439,77.6414634146342,78.0926829268293,78.2439024390244
Ethiopia,57.334,58.467,59.581,60.645,61.627,62.505,63.281,63.961,64.547,65.048,65.482,65.872,66.24
European Union,78.6689232474368,78.9020360375354,79.125498846821,79.3572283106471,79.6294260462919,80.137772913297,80.156888172745,80.4637409249241,80.8704475592144,80.5668071415957,80.9498646420543,80.9308386443383,81.0270235057671
Fragile and conflict affected situations,57.1097901210004,57.6297484080197,58.144696029723,58.6438156335711,59.1199920824627,59.5760425057949,60.0156683883865,60.4397368579763,60.8431377295895,61.2207262023848,61.5705222262499,61.8934663837358,62.1951617653825
Finland,79.2146341463415,79.2634146341464,79.5682926829268,79.719512195122,79.8707317073171,80.4707317073171,80.6268292682927,80.9756097560976,81.1804878048781,81.4804878048781,81.4292682926829,81.6317073170732,81.7341463414634
Fiji,66.362,66.413,66.477,66.559,66.655,66.759,66.859,66.95,67.03,67.103,67.175,67.252,67.341
France,80.8121951219512,81.1121951219512,81.2146341463415,81.4146341463415,81.6634146341464,82.1146341463415,81.9682926829269,82.219512195122,82.719512195122,82.3219512195122,82.5731707317073,82.5756097560976,82.6756097560976
Faroe Islands,79.6390243902439,79.9878048780488,80.1365853658537,80.3853658536585,80.6878048780488,80.9390243902439,81.190243902439,81.4414634146342,81.5926829268293,81.7926829268293,82.0926829268293,82.2926829268293,82.5439024390244
"Micronesia, Fed. Sts.",65.697,65.901,66.099,66.29,66.471,66.646,66.817,66.986,67.152,67.315,67.471,67.618,67.755
Gabon,58.641,59.229,59.904,60.637,61.4,62.168,62.924,63.648,64.318,64.913,65.418,65.839,66.187
United Kingdom,79.2487804878049,79.4487804878049,79.6,80.0512195121951,80.4024390243903,80.9512195121951,80.9048780487805,81.0048780487805,81.3048780487805,80.9560975609756,81.1560975609756,81.2560975609756,81.2560975609756
Georgia,70.635,70.765,70.946,71.18,71.46,71.773,72.097,72.412,72.707,72.973,73.207,73.414,73.6
Ghana,59.234,59.741,60.216,60.645,61.03,61.381,61.72,62.064,62.416,62.772,63.124,63.463,63.78
Gibraltar,,,,,,,,,,,,,
Guinea,54.052,54.864,55.614,56.279,56.861,57.387,57.905,58.447,59.016,59.598,60.17,60.706,61.185
"Gambia, The",58.313,58.671,59.012,59.334,59.637,59.917,60.178,60.426,60.667,60.91,61.166,61.44,61.735
Guinea-Bissau,52.691,53.136,53.612,54.113,54.628,55.144,55.645,56.117,56.556,56.959,57.328,57.673,58.003
Equatorial Guinea,54.638,54.842,55.07,55.329,55.622,55.945,56.288,56.642,57.001,57.359,57.713,58.061,58.402
Greece,79.4390243902439,79.4390243902439,79.9390243902439,80.1878048780488,80.3878048780488,80.7317073170732,80.6341463414634,81.2853658536585,81.3853658536585,81.0365853658537,81.3878048780488,81.2878048780488,81.7878048780488
Grenada,73.125,73.096,73.038,72.96,72.867,72.768,72.669,72.579,72.503,72.445,72.408,72.388,72.384
Greenland,68.6665853658537,69.3726829268293,70.0151219512195,70.5319512195122,70.2919512195122,69.8541463414634,70.55,71.5734146341464,71.9856097560976,71.9773170731707,71.8251219512195,71.579756097561,71.8865853658537
Guatemala,70.082,70.409,70.75,71.108,71.481,71.861,72.236,72.596,72.935,73.25,73.541,73.81,74.063
Guam,76.966,77.227,77.474,77.71,77.941,78.173,78.408,78.649,78.895,79.144,79.391,79.631,79.859
Guyana,66.972,67.247,67.521,67.792,68.059,68.321,68.575,68.819,69.049,69.262,69.454,69.624,69.774
High income,78.9834114425711,79.2184861597019,79.3659789571431,79.6465899651554,79.8261873317409,80.0677089538602,80.1865975385275,80.3647735640197,80.623412616873,80.4985517702364,80.6439122591089,80.6844090278936,80.7839720977548
"Hong Kong SAR, China",82.3756097560976,82.3268292682927,82.3756097560976,82.7756097560976,82.9780487804878,83.4219512195122,83.4804878048781,83.8317073170732,83.9804878048781,84.2780487804878,84.2268292682927,84.6804878048781,84.9341463414634
Honduras,72.285,72.544,72.803,73.061,73.317,73.569,73.814,74.051,74.278,74.495,74.701,74.898,75.088
Heavily indebted poor countries (HIPC),55.9616169666265,56.6969641095472,57.4335686057442,58.1582238879808,58.858947453848,59.5288710181395,60.1665653506572,60.7703353293466,61.3343141341413,61.8529528922159,62.3232846447189,62.748671772017,63.1349911561301
Croatia,75.8368292682927,75.7056097560976,75.9121951219512,76.1682926829269,76.4756097560976,76.7756097560976,76.9243902439024,77.1268292682927,77.4780487804878,77.2756097560976,78.0219512195122,77.8268292682927,78.0707317073171
Haiti,59.028,59.408,59.782,60.148,60.511,60.879,61.26,61.658,62.069,62.485,62.896,63.29,63.66
Hungary,73.0975609756098,73.1512195121951,73.7024390243903,73.9048780487805,74.2073170731707,74.8585365853659,75.0634146341463,75.5658536585366,75.7634146341463,75.5682926829269,76.0634146341464,75.8170731707317,76.0658536585366
IBRD only,69.8329188550742,70.1634297353982,70.4834996290695,70.8325402242922,71.1618025560562,71.5102462172669,71.829716524088,72.1464309845474,72.43263707983,72.7021778884802,72.9613417942562,73.2075493810107,73.4123304298144
IDA & IBRD total,67.3429656622654,67.7000276262505,68.0495169371736,68.4189904037651,68.7682560115178,69.1277248475576,69.461147399827,69.7877604311951,70.0855560489328,70.3639289884542,70.6270953314995,70.8733264198726,71.0810991683187
IDA total,58.8272436142183,59.387469572742,59.945142575197,60.4878324462452,61.0067031011265,61.499732665685,61.9675746148283,62.4136716450887,62.8364792836085,63.2325063377198,63.5993011284627,63.9370980929765,64.2486761969651
IDA blend,57.2615636646031,57.7488148652209,58.2429038915377,58.7306472130902,59.2083537677462,59.6646216744738,60.093254219475,60.5041768554014,60.8936939555635,61.2562787071839,61.587965839819,61.8891292033632,62.1618673864433
Indonesia,67.717,68.105,68.485,68.853,69.205,69.542,69.866,70.179,70.481,70.768,71.035,71.282,71.509
IDA only,59.6088606767951,60.2058599235556,60.7960241817353,61.3672130961587,61.9085748483026,62.4220801379545,62.9111163186955,63.376470884927,63.8175371192159,64.2316667519791,64.6170734898039,64.9738962788673,65.3053098277412
Isle of Man,,,,,,,,,,,,,
India,64.918,65.35,65.794,66.244,66.693,67.13,67.545,67.931,68.286,68.607,68.897,69.165,69.416
Not classified,,,,,,,,,,,,,
Ireland,79.2414634146342,79.6414634146341,80.0951219512195,80.190243902439,80.7439024390244,80.7463414634146,80.8463414634146,80.9487804878049,81.3487804878049,81.4536585365854,81.6536585365854,82.1560975609756,82.2048780487805
"Iran, Islamic Rep.",72.257,72.626,73.027,73.457,73.905,74.352,74.776,75.162,75.502,75.796,76.047,76.271,76.479
Iraq,68.157,68.13,68.19,68.34,68.567,68.848,69.148,69.437,69.7,69.929,70.122,70.294,70.454
Iceland,81.1585365853659,81.4536585365854,81.609756097561,81.7512195121951,81.8975609756098,82.3585365853659,82.9170731707317,82.0609756097561,82.8609756097561,82.4682926829268,82.2048780487805,82.6609756097561,82.8609756097561
Israel,80.5536585365854,80.5048780487805,80.9512195121951,81.4048780487805,81.6024390243902,81.6560975609756,81.7048780487805,82.0560975609756,82.1536585365854,82.0512195121951,82.4073170731707,82.5512195121951,82.8024390243903
Italy,81.2829268292683,81.4341463414634,81.4853658536586,81.6365853658537,82.0365853658537,82.1878048780488,82.2390243902439,82.690243902439,83.090243902439,82.5439024390244,83.2439024390244,82.9463414634147,83.3463414634146
Jamaica,74.143,74.129,74.103,74.071,74.038,74.012,74.001,74.01,74.042,74.098,74.175,74.267,74.368
Jordan,72.763,72.931,73.099,73.266,73.428,73.581,73.722,73.851,73.969,74.078,74.184,74.292,74.405
Japan,82.3219512195122,82.5070731707317,82.5875609756098,82.9314634146342,82.8426829268293,82.5912195121951,83.0960975609756,83.3319512195122,83.5878048780488,83.7939024390244,83.9848780487805,84.099756097561,84.2109756097561
Kazakhstan,66.15,66.34,67.11,68.39,68.45,68.69,69.52,70.62,71.44,71.97,72.41,72.95,73.15
Kenya,56.093,57.463,58.76,59.932,60.959,61.851,62.659,63.419,64.135,64.798,65.393,65.909,66.342
Kyrgyz Republic,67.6951219512195,67.8951219512195,68.4512195121951,69.1024390243903,69.3,69.6024390243903,70.0024390243902,70.2024390243902,70.4024390243903,70.6512195121951,70.9512195121951,71.2,71.4
Cambodia,63.927,64.697,65.394,66.014,66.56,67.043,67.48,67.888,68.273,68.637,68.977,69.289,69.57
Kiribati,64.712,64.953,65.208,65.48,65.769,66.072,66.381,66.69,66.995,67.291,67.577,67.851,68.116
St. Kitts and Nevis,,,,,,,,,,,,,
"Korea, Rep.",78.6682926829269,79.119512195122,79.5170731707317,79.9682926829268,80.1170731707317,80.5682926829268,80.819512195122,81.2707317073171,81.7219512195122,82.0243902439024,82.2756097560976,82.6268292682927,82.6268292682927
Kuwait,73.66,73.807,73.976,74.162,74.358,74.55,74.728,74.885,75.019,75.13,75.224,75.311,75.398
Latin America & Caribbean (excluding high income),73.1048646404732,73.3289969082464,73.5439520413104,73.752022513532,73.9542862927896,74.1519774706757,74.3450575322298,74.5332393242925,74.7179968265961,74.8994492588951,75.0770074666891,75.2516345319507,75.4225013698512
Lao PDR,62.182,62.731,63.271,63.797,64.306,64.797,65.267,65.717,66.144,66.546,66.924,67.277,67.61
Lebanon,77.26,77.609,77.911,78.161,78.36,78.507,78.611,78.683,78.732,78.768,78.8,78.833,78.875
Liberia,56.4,57.365,58.229,58.971,59.6,60.146,60.663,61.186,61.723,62.269,62.802,63.295,63.73
Libya,72.063,72.155,72.174,72.129,72.044,71.956,71.901,71.907,71.981,72.121,72.311,72.52,72.724
St. Lucia,74.276,74.426,74.571,74.712,74.852,74.993,75.138,75.286,75.44,75.596,75.752,75.907,76.057
Latin America & Caribbean,73.2874586622882,73.5017852386201,73.7041565686137,73.9041864986615,74.0972202511906,74.2831175178127,74.4614544439902,74.632797924154,74.7990465003133,74.9616876443859,75.1220231779781,75.2820866077559,75.4408494044772
Least developed countries: UN classification,58.8803948718696,59.5177030653346,60.154205709386,60.7807065849066,61.386749569057,61.9653470736318,62.5133563629601,63.0285904349676,63.5072486323836,63.9460709925393,64.3441897928912,64.7062796007218,65.038269357477
Low income,57.1322981712624,57.8218057221748,58.4954194607027,59.1378320698608,59.7397397114906,60.3002394036695,60.8265642978128,61.3246035798279,61.7945941642484,62.2353988306971,62.6458718838357,63.0281199479664,63.3874993839884
Liechtenstein,80.9487804878049,81.2951219512195,82.6829268292683,81.5,81.8414634146342,81.7926829268293,82.3829268292683,82.2609756097561,82.0731707317073,82.6560975609756,82.2585365853659,83.7463414634147,83.0414634146342
Sri Lanka,74.904,75.037,75.157,75.286,75.439,75.614,75.796,75.974,76.147,76.316,76.482,76.648,76.812
Lower middle income,64.731971025179,65.1322596805634,65.5370631776845,65.9570768220859,66.3721585239513,66.7663050341972,67.1362053518181,67.4867179415325,67.8115066145115,68.1100477337652,68.3865324929242,68.6411330020556,68.8696371531745
Low & middle income,67.2461315296107,67.606359058701,67.9575991630627,68.3303986569813,68.6807391440333,69.0424099287016,69.3807833946886,69.7110917499906,70.0100479334916,70.2944163692195,70.5591461407547,70.8101779062751,71.0220727640828
Lesotho,42.595,42.854,43.384,44.146,45.1,46.207,47.416,48.663,49.891,51.038,52.059,52.947,53.705
Late-demographic dividend,72.7562870653992,73.0814663510818,73.3778290311873,73.7031370579174,73.9839626634512,74.3178563455763,74.6098162601229,74.9194698120527,75.1997193782948,75.4727195405028,75.7481747587566,76.0176787424202,76.2276557948749
Lithuania,71.0560975609756,70.9,71.8121951219512,72.9146341463415,73.2682926829268,73.5634146341464,73.8634146341464,73.9146341463415,74.5170731707317,74.3219512195122,74.6707317073171,75.4804878048781,75.6804878048781
Luxembourg,79.2878048780488,79.3829268292683,80.5390243902439,80.6365853658537,80.6317073170732,80.9878048780488,81.3926829268293,81.8,82.2292682926829,82.2926829268293,82.6853658536585,82.0951219512195,82.2951219512195
Latvia,70.8658536585366,71.019512195122,72.419512195122,73.0804878048781,73.4829268292683,73.5756097560976,73.7780487804878,73.9829268292683,74.1243902439024,74.4804878048781,74.5804878048781,74.6292682926829,74.7829268292683
"Macao SAR, China",81.748,81.981,82.22,82.462,82.704,82.938,83.158,83.361,83.543,83.707,83.854,83.989,84.118
St. Martin (French part),77.8731707317073,78.0219512195122,78.2219512195122,78.3731707317073,78.5219512195122,78.7219512195122,78.8731707317073,79.0219512195122,79.1731707317073,79.3219512195122,79.5219512195122,79.6219512195122,79.8219512195122
Morocco,72.403,73.009,73.546,74.003,74.382,74.696,74.97,75.227,75.477,75.726,75.974,76.218,76.453
Monaco,,,,,,,,,,,,,
Moldova,68.022,68.302,68.671,69.119,69.616,70.119,70.581,70.968,71.267,71.478,71.617,71.717,71.808
Madagascar,61.65,62.079,62.509,62.944,63.388,63.836,64.28,64.713,65.133,65.539,65.931,66.311,66.681
Maldives,74.138,74.621,75.073,75.499,75.905,76.293,76.664,77.018,77.36,77.691,78.013,78.325,78.627
Middle East & North Africa,71.584939952882,71.8413034065734,72.0913337214815,72.325994038037,72.5391836226179,72.7374924061445,72.931661173815,73.1323973194867,73.3264377801142,73.5148446917033,73.7107710168387,73.8998180588421,74.0888330897789
Mexico,75.296,75.255,75.194,75.128,75.065,75.011,74.966,74.93,74.908,74.904,74.917,74.947,74.992
Marshall Islands,,,,,,,,,,,,,
Middle income,68.178495523081,68.5236050058418,68.8593562390523,69.2205425519974,69.5598822557954,69.9144945377189,70.2457998002413,70.5705032779529,70.8633437225098,71.143163438864,71.4044785011817,71.6535692808251,71.8620838617374
North Macedonia,73.8951219512195,73.8,74.4,74.4463414634146,74.9975609756098,75.1,74.9024390243903,75.4,75.4512195121951,75.4024390243903,75.4,75.9536585365854,76.6487804878049
Mali,52.839,53.553,54.193,54.756,55.251,55.701,56.135,56.578,57.036,57.509,57.987,58.452,58.893
Malta,79.4390243902439,79.7926829268293,79.6365853658537,80.2414634146342,81.3975609756098,80.7463414634146,80.7463414634146,81.7463414634146,82.0463414634146,81.8975609756098,82.4536585365854,82.3463414634147,82.4487804878049
Myanmar,61.938,62.294,62.678,63.089,63.525,63.983,64.453,64.921,65.378,65.81,66.205,66.558,66.867
Middle East & North Africa (excluding high income),71.0873069902218,71.347643906444,71.5886156679299,71.8098594580354,72.0147009928834,72.2108647960914,72.4050187044012,72.6023183586156,72.8011669298494,73.0002960434491,73.1981752842958,73.3942152265809,73.5873387037914
Montenegro,73.8390243902439,74.3390243902439,75.1365853658537,75.1439024390244,75.990243902439,75.9829268292683,76.2,76.490243902439,76.4414634146341,76.4487804878049,76.4414634146341,76.4853658536586,76.8414634146342
Mongolia,65.538,65.985,66.447,66.916,67.38,67.818,68.217,68.566,68.863,69.111,69.321,69.509,69.689
Northern Mariana Islands,,,,,,,,,,,,,
Mozambique,50.641,50.934,51.292,51.738,52.31,53.043,53.931,54.949,56.062,57.206,58.309,59.309,60.163
Mauritania,61.552,61.776,62.015,62.266,62.527,62.799,63.079,63.366,63.654,63.936,64.208,64.464,64.704
Mauritius,72.4321951219512,72.5707317073171,72.5707317073171,72.8824390243903,72.9673170731707,73.2668292682927,73.8634146341464,74.0170731707317,74.1943902439025,74.3531707317073,74.3948780487805,74.5146341463415,74.4163414634146
Malawi,49.118,50.595,52.206,53.888,55.564,57.161,58.629,59.931,61.042,61.953,62.681,63.279,63.798
Malaysia,73.744,73.931,74.118,74.305,74.493,74.683,74.877,75.072,75.268,75.461,75.649,75.828,75.997
North America,77.9493926735038,78.2395484709121,78.3009807985721,78.6477282693838,78.8094555298644,78.9205589068046,79.0314779893629,79.0422100128331,79.1380829122827,79.012114325868,78.877334902829,78.8790919678033,78.9867905163126
Namibia,51.609,52.593,53.817,55.207,56.665,58.085,59.387,60.513,61.425,62.119,62.625,63.021,63.373
New Caledonia,76.0756097560976,76.4780487804878,76.6804878048781,76.9804878048781,77.2804878048781,76.6317073170732,77.0780487804878,77.1780487804878,77.2365853658537,77.2804878048781,76.9317073170732,77.5390243902439,77.4341463414634
Niger,54.18,54.968,55.764,56.557,57.333,58.081,58.79,59.455,60.07,60.631,61.137,61.599,62.024
Nigeria,48.812,49.373,49.913,50.422,50.896,51.346,51.786,52.228,52.672,53.112,53.541,53.95,54.332
Nicaragua,71.436,71.673,71.915,72.167,72.428,72.692,72.951,73.197,73.429,73.649,73.86,74.068,74.275
Netherlands,79.6975609756098,80.0975609756098,80.2512195121951,80.5487804878049,80.7024390243902,81.2048780487805,81.1048780487805,81.3048780487805,81.7073170731707,81.509756097561,81.5609756097561,81.7609756097561,81.8121951219512
Norway,80.3439024390244,80.3951219512195,80.5926829268293,80.7951219512195,80.9975609756098,81.2951219512195,81.4512195121951,81.7512195121951,82.1,82.3048780487805,82.4073170731707,82.609756097561,82.7585365853659
Nepal,65.773,66.26,66.727,67.178,67.611,68.028,68.426,68.806,69.168,69.515,69.848,70.169,70.478
Nauru,,,,,,,,,,,,,
New Zealand,80.0487804878049,80.1512195121951,80.3512195121951,80.7024390243902,80.7024390243902,80.9048780487805,81.1560975609756,81.4073170731707,81.4048780487805,81.4568292682927,81.6124390243903,81.6585365853659,81.8585365853659
OECD members,78.3488818605651,78.5717355992886,78.7199277903559,78.9769325115514,79.1488871419702,79.3798854072857,79.4970494153111,79.6619522863773,79.911852680599,79.8112770574603,79.9602969591839,80.0046054355155,80.1018995609272
Oman,74.577,74.893,75.179,75.44,75.682,75.916,76.149,76.388,76.634,76.887,77.142,77.393,77.633
Other small states,61.4083031865142,62.0547649186558,62.7972733033368,63.5703349824474,64.3288223545474,65.0317672778953,65.7048157020272,66.3421050607399,66.8943635765796,67.4051717971471,67.8329316157233,68.2249235442334,68.548260551348
Pakistan,64.176,64.42,64.685,64.969,65.264,65.562,65.849,66.117,66.36,66.577,66.77,66.947,67.114
Panama,76.06,76.234,76.414,76.6,76.792,76.989,77.188,77.386,77.583,77.776,77.964,78.149,78.329
Peru,73.222,73.528,73.826,74.12,74.41,74.697,74.981,75.258,75.529,75.792,76.044,76.286,76.516
Philippines,69.233,69.37,69.515,69.667,69.823,69.984,70.149,70.315,70.481,70.644,70.802,70.952,71.095
Palau,,,,,,,,,,,,,
Papua New Guinea,60.836,61.141,61.442,61.739,62.029,62.316,62.604,62.892,63.181,63.466,63.744,64.01,64.263
Poland,75.1439024390244,75.2439024390244,75.5439024390244,75.6951219512195,76.2463414634146,76.6951219512195,76.7463414634146,77,77.6024390243903,77.4512195121951,77.8512195121951,77.7536585365854,77.6024390243903
Pre-demographic dividend,53.927440991505,54.6005682656944,55.2759842127003,55.9431876869469,56.5934563204336,57.2241559532433,57.835556803998,58.4260198491734,58.9877812232393,59.5119588731959,59.9919322491828,60.4274565443409,60.8209419966658
Puerto Rico,78.4163414634146,78.4258536585366,77.9629268292683,78.191,78.4190975609756,78.6406585365854,78.8475853658537,79.0343414634146,79.2024634146342,79.353487804878,79.4949756097561,79.6345365853659,79.7781951219512
"Korea, Dem. People's Rep.",68.54,68.675,68.884,69.185,69.571,70.012,70.454,70.853,71.198,71.481,71.711,71.91,72.095
Portugal,78.419512195122,78.3219512195122,78.5243902439025,78.7268292682927,79.0268292682927,80.4707317073171,80.3731707317073,80.7219512195122,81.1219512195122,81.1243902439024,81.1243902439024,81.4243902439025,81.3243902439024
Paraguay,71.862,72.055,72.251,72.45,72.653,72.86,73.068,73.274,73.473,73.662,73.836,73.992,74.131
West Bank and Gaza,72.203,72.366,72.517,72.656,72.788,72.915,73.041,73.17,73.303,73.442,73.589,73.74,73.895
Pacific island small states,67.7861414607928,67.9483573360965,68.1168076886711,68.2956322368009,68.4852338479117,68.6829850375505,68.8820036078343,69.0773759535279,69.2655398457814,69.4444778564074,69.6137420467649,69.7742832547289,69.9290487994467
Post-demographic dividend,78.7581518249152,79.0118206121399,79.1543506225076,79.4773930642141,79.6861398899548,79.9529505858701,80.086764235398,80.2680847095909,80.5272649290427,80.3950080740627,80.5491995234936,80.5969220333031,80.6907637824426
French Polynesia,74.466,74.793,75.092,75.363,75.611,75.844,76.074,76.307,76.546,76.787,77.024,77.251,77.462
Qatar,78.425,78.601,78.775,78.945,79.108,79.26,79.399,79.527,79.646,79.758,79.868,79.981,80.1
Romania,72.1634146341463,72.5658536585366,72.5658536585366,73.309756097561,73.4585365853659,74.409756097561,74.4121951219512,75.0634146341463,74.909756097561,74.9121951219512,75.209756097561,75.309756097561,75.3585365853659
Russian Federation,66.7275609756098,67.5868292682927,67.9492682926829,68.6846341463415,68.8412195121951,69.6839024390244,70.0721951219512,70.5787804878049,70.7436585365854,71.1834146341464,71.6512195121951,72.4514634146342,72.6621951219512
Rwanda,57.083,58.915,60.612,62.129,63.433,64.523,65.438,66.219,66.884,67.45,67.93,68.341,68.7
South Asia,65.1799328896904,65.5877135716036,66.0052497729797,66.4278566886815,66.8487685017748,67.2583161942665,67.6463375441787,68.0077154272803,68.3402033187487,68.6419007195258,68.9161581005149,69.1713277262734,69.4122699440301
Saudi Arabia,73.355,73.467,73.598,73.75,73.917,74.089,74.254,74.402,74.533,74.651,74.761,74.874,74.998
Sudan,60.969,61.422,61.879,62.33,62.764,63.171,63.542,63.875,64.169,64.429,64.663,64.881,65.095
Senegal,61.365,62.126,62.88,63.607,64.284,64.898,65.448,65.939,66.37,66.747,67.078,67.38,67.665
Singapore,80.1414634146341,80.4414634146342,80.790243902439,81.2414634146342,81.5414634146342,81.7439024390244,81.9951219512195,82.2463414634147,82.4951219512195,82.7439024390244,82.8463414634146,83.0951219512195,83.2975609756098
Solomon Islands,69.462,69.762,70.063,70.366,70.674,70.985,71.296,71.601,71.896,72.173,72.424,72.645,72.835
Sierra Leone,45.517,46.52,47.508,48.468,49.382,50.234,51.018,51.731,52.372,52.941,53.444,53.895,54.309
El Salvador,70.333,70.542,70.756,70.978,71.21,71.449,71.692,71.935,72.175,72.412,72.644,72.872,73.096
San Marino,,,,,,,,,,,,,
Somalia,52.669,52.998,53.326,53.654,53.99,54.342,54.713,55.104,55.509,55.92,56.324,56.709,57.068
Serbia,73.3853658536585,73.6317073170732,73.8853658536585,73.9853658536586,74.3365853658537,74.5365853658537,74.8365853658537,75.1853658536585,75.3365853658537,75.2878048780488,75.6878048780488,75.5390243902439,75.890243902439
Sub-Saharan Africa (excluding high income),53.6121903665381,54.3834405941101,55.1725555500667,55.9593504659589,56.7237682841055,57.4545069591526,58.1480259219393,58.8000204182101,59.4034933478592,59.9514844902919,60.441109451202,60.8787914144172,61.2719943146726
South Sudan,52.315,52.96,53.6,54.219,54.8,55.325,55.791,56.2,56.552,56.855,57.12,57.365,57.604
Sub-Saharan Africa,53.6142094019721,54.3854324049332,55.1744565424915,55.9611181532545,56.7254700213101,57.4560020826615,58.1495777077899,58.8013862401098,59.4047969219195,59.9528305717917,60.4423935617356,60.8800162996276,61.273032490238
Small states,64.0438690334373,64.5191082061844,65.0670484175474,65.6435258991843,66.216053798919,66.7539675143599,67.274368139383,67.7717878403263,68.2077719269465,68.613963249702,68.9584179473762,69.2761523057289,69.5421346858479
Sao Tome and Principe,65.27,65.854,66.412,66.938,67.43,67.885,68.306,68.695,69.052,69.377,69.67,69.933,70.17
Suriname,69.227,69.579,69.91,70.209,70.465,70.676,70.851,71.002,71.133,71.249,71.358,71.463,71.57
Slovak Republic,74.2048780487805,74.2073170731707,74.7048780487805,74.909756097561,75.1121951219512,75.9585365853659,76.109756097561,76.4121951219512,76.8121951219512,76.5634146341463,77.1658536585366,77.1658536585366,77.2658536585366
Slovenia,78.0865853658537,78.5609756097561,78.7658536585366,78.9707317073171,79.4219512195122,79.9707317073171,80.1243902439024,80.3219512195122,81.0780487804878,80.7756097560976,81.1756097560976,81.029268292683,81.3780487804878
Sweden,80.7487804878049,80.9,81.1,81.3512195121951,81.4512195121951,81.8024390243903,81.7048780487805,81.9560975609756,82.2536585365854,82.2048780487805,82.3073170731707,82.409756097561,82.5585365853659
Eswatini,42.733,43.308,44.17,45.275,46.601,48.141,49.862,51.699,53.569,55.359,56.962,58.319,59.401
Sint Maarten (Dutch part),,74.5439024390244,74.5365853658537,75.5878048780488,,,73.0536585365854,,77.0682926829268,77.219512195122,78.2926829268293,,
Seychelles,72.2170731707317,73.1439024390244,73.1634146341464,73.0829268292683,73.1975609756098,72.7243902439025,74.2756097560976,73.119512195122,73.2292682926829,74.2951219512195,74.309756097561,74.3,72.8414634146341
Syrian Arab Republic,74.412,74.152,73.647,72.938,72.108,71.27,70.55,70.049,69.821,69.908,70.315,70.967,71.779
Turks and Caicos Islands,,,,,,,,,,,,,
Chad,48.907,49.335,49.82,50.346,50.89,51.424,51.928,52.386,52.789,53.137,53.438,53.712,53.977
East Asia & Pacific (IDA & IBRD countries),71.9707828422057,72.257386398143,72.5425341471235,72.826295709454,73.1104642905665,73.3979141809371,73.6878366494054,73.9770692618863,74.263557655193,74.5399104226023,74.7999565735269,75.0402245010869,75.2562801026236
Europe & Central Asia (IDA & IBRD countries),69.6219554439068,70.0912287958981,70.4064498468041,70.9725140985562,71.3221957932999,71.8809508909108,72.2122188481155,72.6319155010815,72.8819814647306,73.1473216862322,73.5071710362673,73.9036024121306,74.0456465503097
Togo,55.052,55.581,56.178,56.818,57.468,58.092,58.661,59.16,59.58,59.927,60.22,60.489,60.76
Thailand,72.499,72.916,73.341,73.766,74.184,74.593,74.992,75.378,75.747,76.091,76.403,76.683,76.931
Tajikistan,66.771,67.382,67.911,68.36,68.736,69.055,69.34,69.609,69.874,70.137,70.397,70.647,70.879
Turkmenistan,65.354,65.695,66.031,66.355,66.657,66.928,67.167,67.375,67.552,67.704,67.835,67.956,68.073
Latin America & the Caribbean (IDA & IBRD countries),73.1540865222727,73.3732811516521,73.5836260306776,73.7868998996756,73.9833457832769,74.17297211692,74.3552670519728,74.530246396291,74.700181700404,74.8665594523911,75.0305585888065,75.1942820911752,75.3573280274652
Timor-Leste,64.803,65.61,66.276,66.796,67.186,67.477,67.72,67.953,68.197,68.459,68.735,69.007,69.26
Middle East & North Africa (IDA & IBRD countries),71.0749157784279,71.3362408872979,71.5781151039924,71.8002017178781,72.0058015747182,72.2027014588723,72.3975962190988,72.5956530907737,72.7952415911251,72.9950525408616,73.1935110582146,73.3900758435144,73.5836236325898
Tonga,69.852,69.878,69.921,69.982,70.059,70.148,70.242,70.335,70.427,70.517,70.607,70.701,70.801
South Asia (IDA & IBRD),65.1799328896904,65.5877135716036,66.0052497729797,66.4278566886815,66.8487685017748,67.2583161942665,67.6463375441787,68.0077154272803,68.3402033187487,68.6419007195258,68.9161581005149,69.1713277262734,69.4122699440301
Sub-Saharan Africa (IDA & IBRD countries),53.6142094019721,54.3854324049332,55.1744565424915,55.9611181532545,56.7254700213101,57.4560020826615,58.1495777077899,58.8013862401098,59.4047969219194,59.9528305717917,60.4423935617356,60.8800162996276,61.273032490238
Trinidad and Tobago,70.952,71.21,71.464,71.71,71.946,72.17,72.382,72.582,72.768,72.941,73.1,73.245,73.38
Tunisia,74.391,74.558,74.72,74.88,75.041,75.206,75.376,75.552,75.734,75.922,76.115,76.31,76.505
Turkey,72.83,73.235,73.649,74.074,74.507,74.944,75.373,75.784,76.172,76.532,76.86,77.161,77.437
Tuvalu,,,,,,,,,,,,,
Tanzania,55.119,55.926,56.777,57.666,58.584,59.525,60.47,61.398,62.288,63.111,63.844,64.479,65.015
Uganda,52.784,53.887,54.984,56.06,57.099,58.087,59.017,59.881,60.669,61.373,61.986,62.516,62.973
Ukraine,68.0775609756098,68.2221951219512,68.2514634146342,69.19,70.2653658536586,70.8092682926829,70.9441463414634,71.159512195122,71.1865853658537,71.189512195122,71.4763414634146,71.7809756097561,71.5826829268293
Upper middle income,72.258321373465,72.5755108083203,72.8647877197936,73.1897291172262,73.4710595250161,73.8081445542839,74.1178093375727,74.4359485362626,74.714391545786,74.9973104882246,75.2661252828505,75.534193195893,75.7461601082425
Uruguay,76.046,76.251,76.437,76.603,76.75,76.882,77.004,77.124,77.244,77.369,77.498,77.632,77.77
United States,77.6878048780488,77.9878048780488,78.0390243902439,78.390243902439,78.5414634146342,78.6414634146342,78.7414634146342,78.7414634146342,78.8414634146342,78.690243902439,78.5390243902439,78.5390243902439,78.6390243902439
Uzbekistan,68.676,68.939,69.193,69.435,69.672,69.91,70.155,70.41,70.671,70.928,71.171,71.388,71.573
St. Vincent and the Grenadines,71.449,71.554,71.643,71.716,71.776,71.827,71.879,71.939,72.01,72.095,72.193,72.3,72.415
"Venezuela, RB",72.938,73.01,73.071,73.116,73.134,73.11,73.037,72.918,72.762,72.584,72.405,72.246,72.128
British Virgin Islands,,,,,,,,,,,,,
Virgin Islands (U.S.),78.3243902439024,76.8634146341463,77.1634146341463,77.5146341463415,77.8658536585366,78.3170731707317,78.5170731707317,78.7170731707317,78.8682926829268,79.0170731707317,79.1682926829269,79.3682926829268,79.5195121951219
Vietnam,74.295,74.474,74.625,74.745,74.837,74.904,74.958,75.006,75.056,75.11,75.172,75.241,75.317
Vanuatu,68.515,68.672,68.824,68.974,69.123,69.272,69.421,69.57,69.719,69.869,70.021,70.172,70.323
World,69.2622906406328,69.5915488982843,69.8995148225589,70.2464538128511,70.5566902781799,70.8840170316969,71.1732989868535,71.4658644066268,71.7460547253222,71.9521147236676,72.1861006497037,72.3914062510994,72.5739803714763
Samoa,70.642,70.901,71.158,71.412,71.663,71.906,72.136,72.351,72.549,72.73,72.895,73.046,73.187
Kosovo,68.9463414634146,69.1975609756098,69.4487804878049,69.6487804878049,69.9,70.2,70.4975609756098,70.7975609756098,71.0975609756098,71.3463414634146,71.8463414634146,72.2951219512195,72.6951219512195
"Yemen, Rep.",63.997,64.47,64.892,65.255,65.549,65.768,65.92,66.016,66.066,66.085,66.087,66.086,66.096
South Africa,53.795,54.452,55.36,56.46,57.669,58.895,60.06,61.099,61.968,62.649,63.153,63.538,63.857
Zambia,49.757,51.134,52.606,54.13,55.655,57.126,58.502,59.746,60.831,61.737,62.464,63.043,63.51
Zimbabwe,43.853,44.947,46.504,48.449,50.64,52.896,55.032,56.897,58.41,59.534,60.294,60.812,61.195
